CUSTOMER_ID, EMAIL,FIRSTNAME   ,LASTNAME ,GENDER      ,BIRTHDAY    ,CREDITS     
1,omanby0@ocn.ne.jp,Olimpia,Manby,Female,10/24/2019,12
2,mkermit1@prnewswire.com,Merwin,Kermit,Male,10/19/2019,2
3,mheggison2@yellowpages.com,Meagan,Heggison,Female,1/2/2020,63
4,dgierth3@arstechnica.com,Devland,Gierth,Male,6/30/2019,98
5,nlavallie4@uiuc.edu,Noemi,Lavallie,Female,7/7/2019,16
6,nruddock5@drupal.org,Nickie,Ruddock,Male,8/24/2019,61
7,kkohnen6@nbcnews.com,Kittie,Kohnen,Female,5/8/2020,60
8,rskeldinge7@yahoo.co.jp,Roi,Skeldinge,Male,4/5/2020,31
9,bchalliss8@umn.edu,Blythe,Challiss,Female,7/7/2019,2
10,plarvent9@google.nl,Packston,Larvent,Male,8/25/2019,14
11,mlivena@virginia.edu,Merrick,Liven,Male,7/15/2019,56
12,dbelchb@hud.gov,Devina,Belch,Female,7/9/2019,64
13,mfreezerc@webmd.com,Missie,Freezer,Female,7/12/2019,76
14,earnalld@godaddy.com,Emiline,Arnall,Female,11/12/2019,7
15,afitzalane@mapy.cz,Arnie,FitzAlan,Male,3/31/2020,42
16,estetlyef@acquirethisname.com,Eloise,Stetlye,Female,12/2/2019,64
17,mjanewg@cam.ac.uk,Morgana,Janew,Female,8/28/2019,9
18,rdeernessh@networksolutions.com,Rudolfo,Deerness,Male,1/23/2020,44
19,rpicotti@techcrunch.com,Reinhold,Picott,Male,7/7/2019,10
20,fambrogij@accuweather.com,Fowler,Ambrogi,Male,4/28/2020,29
21,rcawcuttk@pagesperso-orange.fr,Rosetta,Cawcutt,Female,6/18/2019,69
22,egillisl@timesonline.co.uk,Earvin,Gillis,Male,2/17/2020,63
23,tgillianm@youtu.be,Thane,Gillian,Male,8/14/2019,43
24,ahandfordn@buzzfeed.com,Ami,Handford,Female,2/27/2020,12
25,stillso@japanpost.jp,Stanislaw,Tills,Male,8/10/2019,39
26,hprydiep@godaddy.com,Helaina,Prydie,Female,3/20/2020,71
27,ckerslakeq@timesonline.co.uk,Carny,Kerslake,Male,1/29/2020,7
28,qlamburner@wufoo.com,Quinn,Lamburne,Male,4/18/2020,65
29,blabrams@slideshare.net,Brien,Labram,Male,9/20/2019,10
30,hcockerhamt@un.org,Hakeem,Cockerham,Male,6/9/2019,26
31,esewallu@wikia.com,Edithe,Sewall,Female,2/5/2020,56
32,mtriebnerv@miitbeian.gov.cn,Matthus,Triebner,Male,7/23/2019,34
33,oduchatelw@ning.com,Ophelie,Duchatel,Female,1/31/2020,67
34,sdjorevicx@1und1.de,Sonni,Djorevic,Female,10/30/2019,52
35,gbarlowy@indiatimes.com,Gwennie,Barlow,Female,1/30/2020,53
36,jfenneyz@java.com,Jarrid,Fenney,Male,11/9/2019,90
37,daxe10@slideshare.net,Devin,Axe,Female,7/25/2019,95
38,tbrydon11@nymag.com,Therese,Brydon,Female,9/15/2019,31
39,cwhitecross12@domainmarket.com,Catharine,Whitecross,Female,9/7/2019,63
40,omutton13@networkadvertising.org,Osmond,Mutton,Male,8/15/2019,90
41,battwoul14@tripadvisor.com,Bard,Attwoul,Male,5/2/2020,99
42,dglede15@cafepress.com,Dale,Glede,Male,11/9/2019,89
43,lbunt16@acquirethisname.com,Lenka,Bunt,Female,5/26/2020,2
44,dburstow17@barnesandnoble.com,Davis,Burstow,Male,2/29/2020,98
45,jsedgeman18@google.co.uk,Jonathan,Sedgeman,Male,5/4/2020,44
46,bgarlett19@nymag.com,Barbabas,Garlett,Male,11/25/2019,27
47,lkestle1a@xinhuanet.com,Lorrayne,Kestle,Female,2/1/2020,35
48,mtollady1b@freewebs.com,Moses,Tollady,Male,11/12/2019,50
49,ubottlestone1c@hubpages.com,Ulrike,Bottlestone,Female,1/25/2020,23
50,rpearmine1d@ft.com,Rebe,Pearmine,Female,4/16/2020,84
51,btrounson1e@mlb.com,Burg,Trounson,Male,6/24/2019,68
52,aseeger1f@ovh.net,Arlen,Seeger,Female,12/7/2019,33
53,dlenaghen1g@mtv.com,Dougie,Lenaghen,Male,2/1/2020,59
54,bsteet1h@senate.gov,Bancroft,Steet,Male,7/20/2019,84
55,mivasechko1i@slideshare.net,Marley,Ivasechko,Female,9/30/2019,87
56,rsurplice1j@reference.com,Robbyn,Surplice,Female,9/17/2019,97
57,blammers1k@usa.gov,Basilio,Lammers,Male,8/23/2019,80
58,kshovel1l@salon.com,Kania,Shovel,Female,2/26/2020,81
59,kgronw1m@ihg.com,Kylie,Gronw,Male,7/9/2019,97
60,lhasted1n@mysql.com,Leola,Hasted,Female,7/7/2019,25
61,scragoe1o@timesonline.co.uk,Stacee,Cragoe,Female,3/11/2020,42
62,manstice1p@psu.edu,Maxi,Anstice,Female,10/21/2019,76
63,ktheobalds1q@google.ru,Krissy,Theobalds,Female,1/7/2020,59
64,bhardistry1r@google.co.uk,Berny,Hardistry,Male,6/27/2019,12
65,nwillcox1s@wiley.com,Natalee,Willcox,Female,12/2/2019,54
66,jtarbard1t@ihg.com,Juliet,Tarbard,Female,2/18/2020,5
67,rfrancecione1u@ca.gov,Rey,Francecione,Male,2/3/2020,33
68,mwroth1v@jalbum.net,Melissa,Wroth,Female,5/29/2020,12
69,dhulls1w@dot.gov,Dell,Hulls,Female,3/15/2020,100
70,jfoxten1x@weibo.com,Janelle,Foxten,Female,5/19/2020,50
71,igillatt1y@redcross.org,Inigo,Gillatt,Male,2/4/2020,39
72,eswannie1z@youtu.be,Eben,Swannie,Male,7/28/2019,36
73,crichardes20@discuz.net,Codi,Richardes,Female,12/16/2019,94
74,awillmett21@flavors.me,Andrew,Willmett,Male,12/20/2019,73
75,dhebborne22@columbia.edu,Demetri,Hebborne,Male,9/1/2019,11
76,vradsdale23@ow.ly,Vince,Radsdale,Male,2/27/2020,70
77,sandreuzzi24@blogtalkradio.com,Sybyl,Andreuzzi,Female,12/6/2019,84
78,hvankin25@cyberchimps.com,Hamel,Vankin,Male,5/23/2020,36
79,dwoolnough26@upenn.edu,Danyelle,Woolnough,Female,5/6/2020,16
80,amepsted27@archive.org,Adah,Mepsted,Female,10/21/2019,41
81,awestern28@ow.ly,Ax,Western,Male,3/19/2020,37
82,cduddridge29@princeton.edu,Cullen,Duddridge,Male,3/27/2020,8
83,iconboy2a@tinyurl.com,Ivar,Conboy,Male,9/5/2019,70
84,hjerram2b@privacy.gov.au,Henrik,Jerram,Male,3/4/2020,24
85,eklamp2c@weebly.com,Edvard,Klamp,Male,2/5/2020,74
86,jwaplinton2d@yahoo.com,Jeffy,Waplinton,Male,11/9/2019,67
87,kpawlik2e@wikipedia.org,Karyl,Pawlik,Female,2/5/2020,74
88,dleeburn2f@wordpress.org,Delbert,Leeburn,Male,6/10/2019,84
89,cbranson2g@cisco.com,Clive,Branson,Male,7/6/2019,72
90,jortzen2h@mapy.cz,Job,Ortzen,Male,3/9/2020,42
91,gtestin2i@usgs.gov,Giuseppe,Testin,Male,6/15/2019,82
92,amarris2j@storify.com,Arlyn,Marris,Female,7/23/2019,5
93,ghadwick2k@netvibes.com,Genna,Hadwick,Female,7/17/2019,6
94,boglesbee2l@theguardian.com,Bebe,Oglesbee,Female,2/16/2020,99
95,bheake2m@php.net,Bradley,Heake,Male,5/9/2020,96
96,bclampe2n@princeton.edu,Bevvy,Clampe,Female,6/19/2019,38
97,gfradson2o@odnoklassniki.ru,Gerry,Fradson,Female,8/21/2019,33
98,atomsen2p@lycos.com,Anders,Tomsen,Male,7/21/2019,34
99,smctague2q@purevolume.com,Sandye,McTague,Female,3/2/2020,67
100,ymcgoldrick2r@ca.gov,Yorgos,McGoldrick,Male,4/17/2020,100
101,rmullaney2s@lulu.com,Romeo,Mullaney,Male,6/4/2019,73
102,lobell2t@admin.ch,Lotti,Obell,Female,12/8/2019,50
103,dgaynsford2u@cyberchimps.com,Dotti,Gaynsford,Female,11/29/2019,40
104,tkunzelmann2v@howstuffworks.com,Tildie,Kunzelmann,Female,12/4/2019,22
105,skennsley2w@globo.com,Sutherland,Kennsley,Male,1/17/2020,72
106,ewillmont2x@nasa.gov,Editha,Willmont,Female,7/14/2019,40
107,hfilipychev2y@pcworld.com,Homere,Filipychev,Male,8/31/2019,88
108,erumming2z@amazon.com,Elden,Rumming,Male,10/17/2019,10
109,lslatter30@themeforest.net,Lainey,Slatter,Female,12/6/2019,72
110,mtutill31@e-recht24.de,Maitilde,Tutill,Female,9/4/2019,76
111,tfleckno32@hibu.com,Tiphany,Fleckno,Female,12/18/2019,30
112,gcosterd33@vistaprint.com,Glad,Costerd,Female,6/10/2019,11
113,ktureville34@ustream.tv,Konstantine,Tureville,Male,10/28/2019,23
114,kborrowman35@gmpg.org,Kat,Borrowman,Female,7/2/2019,78
115,cdawber36@cargocollective.com,Chanda,Dawber,Female,6/10/2019,27
116,tvassie37@elegantthemes.com,Trina,Vassie,Female,7/12/2019,81
117,hblakeborough38@patch.com,Herminia,Blakeborough,Female,7/5/2019,26
118,scapnerhurst39@addthis.com,Saleem,Capnerhurst,Male,5/28/2020,100
119,tporcas3a@google.com.hk,Tammi,Porcas,Female,2/12/2020,60
120,ojurisch3b@squarespace.com,Olive,Jurisch,Female,11/27/2019,60
121,jhenbury3c@bloglovin.com,Johny,Henbury,Male,9/14/2019,31
122,wdeye3d@reference.com,Winfred,D'eye,Male,10/27/2019,73
123,scubbin3e@businessweek.com,Sianna,Cubbin,Female,10/9/2019,44
124,kjacmar3f@psu.edu,Kellia,Jacmar,Female,8/13/2019,64
125,mhanscombe3g@fc2.com,Mireielle,Hanscombe,Female,6/27/2019,80
126,gshepeard3h@mtv.com,Gwendolen,Shepeard,Female,8/14/2019,6
127,bjakoubec3i@nsw.gov.au,Bren,Jakoubec,Female,5/7/2020,52
128,cdoogan3j@archive.org,Colly,Doogan,Female,2/26/2020,41
129,cdyde3k@homestead.com,Charlie,Dyde,Male,8/21/2019,92
130,mgobert3l@slashdot.org,Moira,Gobert,Female,9/18/2019,34
131,bkimmings3m@nifty.com,Bentley,Kimmings,Male,7/20/2019,27
132,twickersham3n@is.gd,Tedd,Wickersham,Male,10/17/2019,23
133,lraspison3o@behance.net,Lloyd,Raspison,Male,7/28/2019,6
134,fblaxter3p@wufoo.com,Faber,Blaxter,Male,11/21/2019,10
135,mpitherick3q@reddit.com,Mattie,Pitherick,Male,7/8/2019,63
136,wsisnett3r@tmall.com,Weylin,Sisnett,Male,3/9/2020,64
137,smcaneny3s@hc360.com,Saundra,McAneny,Male,4/23/2020,29
138,gtims3t@sogou.com,Gan,Tims,Male,5/2/2020,86
139,adevorill3u@printfriendly.com,Arney,Devorill,Male,10/10/2019,37
140,alakes3v@hostgator.com,Ahmed,Lakes,Male,1/21/2020,79
141,mluscott3w@mediafire.com,Madelena,Luscott,Female,10/16/2019,18
142,ggailor3x@flavors.me,Godfry,Gailor,Male,3/11/2020,47
143,msmees3y@ustream.tv,Maribelle,Smees,Female,7/23/2019,17
144,qmouncher3z@google.com.br,Querida,Mouncher,Female,8/28/2019,16
145,vdennis40@trellian.com,Viviyan,Dennis,Female,10/9/2019,84
146,svarley41@marriott.com,Shannan,Varley,Male,5/5/2020,69
147,csarah42@joomla.org,Constantino,Sarah,Male,7/15/2019,85
148,trowley43@wix.com,Tildie,Rowley,Female,9/9/2019,64
149,dshreve44@bbb.org,Dani,Shreve,Male,7/24/2019,5
150,xlyenyng45@phoca.cz,Xerxes,Lyenyng,Male,10/17/2019,52
151,ntrulock46@wisc.edu,Nolana,Trulock,Female,4/12/2020,18
152,gbrook47@smh.com.au,Glendon,Brook,Male,5/15/2020,100
153,gblaiklock48@geocities.com,Gallagher,Blaiklock,Male,5/29/2020,8
154,ebampford49@homestead.com,Elisabetta,Bampford,Female,2/12/2020,69
155,chessay4a@hexun.com,Clifford,Hessay,Male,7/21/2019,78
156,bworg4b@taobao.com,Bria,Worg,Female,10/2/2019,7
157,eruggles4c@macromedia.com,Elwyn,Ruggles,Male,5/21/2020,4
158,aedwardson4d@gravatar.com,Araldo,Edwardson,Male,12/16/2019,13
159,cnehl4e@indiegogo.com,Corly,Nehl,Female,8/20/2019,41
160,gsyalvester4f@vistaprint.com,Glenn,Syalvester,Male,5/9/2020,89
161,vfennell4g@istockphoto.com,Viki,Fennell,Female,12/19/2019,8
162,ewolfit4h@newsvine.com,Errick,Wolfit,Male,6/14/2019,43
163,aalvarado4i@ask.com,Adara,Alvarado,Female,9/28/2019,7
164,npawlaczyk4j@t.co,Nerissa,Pawlaczyk,Female,11/18/2019,66
165,dalwin4k@miibeian.gov.cn,Darbee,Alwin,Male,4/6/2020,62
166,spanniers4l@disqus.com,Shelton,Panniers,Male,3/13/2020,65
167,lmawne4m@mozilla.org,Lillis,Mawne,Female,8/6/2019,67
168,msilverwood4n@free.fr,Marijo,Silverwood,Female,8/9/2019,21
169,gcarlin4o@wordpress.org,Geralda,Carlin,Female,6/13/2019,63
170,adoe4p@psu.edu,Aimee,Doe,Female,6/14/2019,42
171,fflecknell4q@posterous.com,Fons,Flecknell,Male,6/21/2019,12
172,tcullrford4r@reuters.com,Tamiko,Cullrford,Female,3/4/2020,3
173,ekunkler4s@feedburner.com,Emory,Kunkler,Male,4/1/2020,53
174,tmainwaring4t@sun.com,Tedi,Mainwaring,Female,11/13/2019,77
175,fouldcott4u@bing.com,Francisco,Ouldcott,Male,1/3/2020,58
176,rgresty4v@unc.edu,Roxie,Gresty,Female,12/20/2019,52
177,ngillings4w@apache.org,Noah,Gillings,Male,11/7/2019,21
178,lpumphrey4x@nifty.com,Louie,Pumphrey,Male,7/3/2019,46
179,mkleynermans4y@cnbc.com,Michaelina,Kleynermans,Female,4/12/2020,40
180,hjacobsson4z@ow.ly,Hillery,Jacobsson,Male,12/2/2019,29
181,mcallard50@indiatimes.com,Merrily,Callard,Female,8/24/2019,32
182,clocarno51@jugem.jp,Chevy,Locarno,Male,6/1/2019,12
183,fcowely52@time.com,Francisco,Cowely,Male,4/4/2020,15
184,kdicty53@biblegateway.com,Kelci,Dicty,Female,5/21/2020,78
185,abetteson54@eventbrite.com,Adriano,Betteson,Male,10/28/2019,35
186,sspridgeon55@surveymonkey.com,Stefania,Spridgeon,Female,7/12/2019,25
187,mzorzoni56@constantcontact.com,Maribelle,Zorzoni,Female,11/10/2019,47
188,twetherby57@timesonline.co.uk,Tracy,Wetherby,Male,6/25/2019,46
189,bbodker58@arizona.edu,Bevin,Bodker,Male,9/24/2019,18
190,gbrood59@mayoclinic.com,Goldina,Brood,Female,5/6/2020,15
191,reskrigge5a@ask.com,Roland,Eskrigge,Male,8/19/2019,28
192,rheinonen5b@youtube.com,Rorke,Heinonen,Male,8/14/2019,74
193,gbarker5c@sciencedirect.com,Georgette,Barker,Female,5/30/2020,66
194,htarver5d@businessinsider.com,Henrieta,Tarver,Female,4/21/2020,3
195,hsimoni5e@cargocollective.com,Helene,Simoni,Female,2/1/2020,46
196,eiltchev5f@devhub.com,Eli,Iltchev,Male,7/16/2019,52
197,qdelete5g@slideshare.net,Quincey,Delete,Male,9/3/2019,27
198,kgarbutt5h@canalblog.com,Kerstin,Garbutt,Female,5/10/2020,34
199,calred5i@e-recht24.de,Crichton,Alred,Male,2/4/2020,42
200,mbrampton5j@goodreads.com,Maritsa,Brampton,Female,9/19/2019,8
201,pomar5k@mediafire.com,Polly,Omar,Female,11/8/2019,73
202,premer5l@wikia.com,Patric,Remer,Male,1/19/2020,69
203,agadd5m@goodreads.com,Ancell,Gadd,Male,5/16/2020,17
204,ncoolahan5n@list-manage.com,Nissa,Coolahan,Female,9/28/2019,99
205,scunnah5o@msu.edu,Stephie,Cunnah,Female,3/17/2020,33
206,apesselt5p@illinois.edu,Alonso,Pesselt,Male,12/21/2019,36
207,hbabinski5q@bluehost.com,Helli,Babinski,Female,8/14/2019,69
208,agyppes5r@washingtonpost.com,Alleen,Gyppes,Female,1/18/2020,73
209,tdambrosio5s@ning.com,Tait,D'Ambrosio,Male,8/20/2019,41
210,awogan5t@plala.or.jp,Ange,Wogan,Male,12/19/2019,29
211,fofaherty5u@scribd.com,Frederik,O' Faherty,Male,8/12/2019,100
212,rhaffenden5v@tamu.edu,Rupert,Haffenden,Male,7/8/2019,94
213,pbrunnen5w@scientificamerican.com,Pieter,Brunnen,Male,11/4/2019,3
214,sclarey5x@sbwire.com,Sullivan,Clarey,Male,12/12/2019,33
215,vseine5y@globo.com,Vere,Seine,Female,12/2/2019,75
216,sbennike5z@usatoday.com,Shelden,Bennike,Male,11/23/2019,6
217,kcarrington60@ehow.com,Kelvin,Carrington,Male,3/6/2020,45
218,gnewall61@ovh.net,Giffie,Newall,Male,3/29/2020,46
219,jtuckerman62@google.es,Joyann,Tuckerman,Female,5/15/2020,42
220,jgrimwade63@indiegogo.com,Jarrett,Grimwade,Male,8/11/2019,33
221,wkynder64@usda.gov,Wiley,Kynder,Male,4/23/2020,19
222,gsears65@live.com,Giana,Sears,Female,6/29/2019,65
223,mpepperill66@xinhuanet.com,Mathian,Pepperill,Male,9/9/2019,58
224,nvannuchi67@unblog.fr,Nicholle,Vannuchi,Female,7/30/2019,41
225,ccolicot68@dailymail.co.uk,Cherise,Colicot,Female,4/23/2020,48
226,gscripture69@dedecms.com,Ginni,Scripture,Female,7/23/2019,14
227,reggle6a@samsung.com,Robena,Eggle,Female,10/11/2019,17
228,cwebermann6b@studiopress.com,Cull,Webermann,Male,9/2/2019,86
229,mfeehan6c@rediff.com,Mahmud,Feehan,Male,7/29/2019,47
230,ccreevy6d@yandex.ru,Carrissa,Creevy,Female,8/3/2019,44
231,respin6e@google.nl,Rurik,Espin,Male,7/22/2019,30
232,srenish6f@hexun.com,Sherri,Renish,Female,3/1/2020,36
233,aminnock6g@cyberchimps.com,Allissa,Minnock,Female,8/10/2019,32
234,pantwis6h@wikispaces.com,Philbert,Antwis,Male,9/24/2019,99
235,pcosgreave6i@unesco.org,Peta,Cosgreave,Female,2/17/2020,84
236,todonegan6j@icio.us,Timoteo,O'Donegan,Male,4/17/2020,35
237,mwathell6k@yellowbook.com,Malchy,Wathell,Male,9/12/2019,78
238,hhullins6l@google.ca,Hans,Hullins,Male,3/24/2020,46
239,pgrassick6m@blogspot.com,Padraig,Grassick,Male,12/13/2019,31
240,bpeckitt6n@businessinsider.com,Barny,Peckitt,Male,2/10/2020,89
241,bblakeden6o@tamu.edu,Boigie,Blakeden,Male,11/10/2019,80
242,dmecchi6p@huffingtonpost.com,Damien,Mecchi,Male,8/18/2019,53
243,jseely6q@histats.com,Jervis,Seely,Male,1/11/2020,58
244,dvelte6r@imdb.com,Danit,Velte,Female,2/2/2020,91
245,climrick6s@ucoz.ru,Caitrin,Limrick,Female,10/5/2019,100
246,ppeschmann6t@skyrock.com,Perry,Peschmann,Female,5/20/2020,38
247,bcourtes6u@nbcnews.com,Bondie,Courtes,Male,6/15/2019,22
248,aguite6v@squidoo.com,Amara,Guite,Female,2/1/2020,96
249,dblindt6w@ebay.com,Devonne,Blindt,Female,4/12/2020,90
250,jsivewright6x@pen.io,Jacinda,Sivewright,Female,12/9/2019,1
251,ezecchini6y@printfriendly.com,Emylee,Zecchini,Female,8/15/2019,79
252,dspriggen6z@ebay.co.uk,Dorey,Spriggen,Male,10/28/2019,40
253,ccaddies70@cloudflare.com,Culver,Caddies,Male,3/7/2020,23
254,egaraghan71@huffingtonpost.com,Earl,Garaghan,Male,2/27/2020,37
255,mwestcot72@engadget.com,Marni,Westcot,Female,8/1/2019,99
256,tjarrette73@wordpress.com,Tobye,Jarrette,Female,5/17/2020,87
257,apirdy74@reference.com,Aili,Pirdy,Female,1/22/2020,47
258,rallden75@auda.org.au,Ransell,Allden,Male,2/9/2020,22
259,echristophersen76@friendfeed.com,Elyn,Christophersen,Female,2/1/2020,90
260,dbeston77@wordpress.com,Demetris,Beston,Female,12/18/2019,41
261,jburwood78@printfriendly.com,Joel,Burwood,Male,5/24/2020,56
262,tratcliffe79@noaa.gov,Tracy,Ratcliffe,Male,4/5/2020,100
263,onaisby7a@livejournal.com,Olav,Naisby,Male,4/16/2020,23
264,vkerin7b@arizona.edu,Vance,Kerin,Male,4/10/2020,46
265,cbedow7c@elpais.com,Coralyn,Bedow,Female,4/9/2020,35
266,acauldfield7d@ed.gov,Audre,Cauldfield,Female,8/9/2019,55
267,cfishley7e@so-net.ne.jp,Crawford,Fishley,Male,3/24/2020,4
268,gweeds7f@google.pl,Gray,Weeds,Male,3/7/2020,86
269,lautrie7g@ifeng.com,Loydie,Autrie,Male,10/25/2019,25
270,dburkwood7h@eventbrite.com,Demeter,Burkwood,Female,7/22/2019,21
271,tpeasey7i@gravatar.com,Talya,Peasey,Female,11/9/2019,90
272,mmensler7j@loc.gov,Madge,Mensler,Female,9/13/2019,89
273,pgetten7k@examiner.com,Paige,Getten,Male,2/29/2020,57
274,tkilbey7l@nature.com,Torin,Kilbey,Male,4/24/2020,78
275,rdartnell7m@narod.ru,Rhiamon,Dartnell,Female,8/26/2019,15
276,bduffet7n@linkedin.com,Bradan,Duffet,Male,7/4/2019,81
277,rtarbin7o@mapquest.com,Robers,Tarbin,Male,5/26/2020,85
278,mhaggas7p@shutterfly.com,Maurizio,Haggas,Male,3/1/2020,26
279,fainsbury7q@multiply.com,Filbert,Ainsbury,Male,2/19/2020,25
280,bdensham7r@businesswire.com,Bel,Densham,Female,8/9/2019,56
281,bgeldeford7s@webnode.com,Baillie,Geldeford,Male,2/15/2020,14
282,lcarnow7t@walmart.com,Lory,Carnow,Female,6/15/2019,75
283,acawse7u@dagondesign.com,Aylmer,Cawse,Male,7/29/2019,7
284,tpaulisch7v@china.com.cn,Tiff,Paulisch,Female,1/8/2020,4
285,hchittleburgh7w@tripod.com,Haleigh,Chittleburgh,Male,10/11/2019,65
286,lgilyatt7x@histats.com,Leisha,Gilyatt,Female,10/16/2019,4
287,gthomann7y@berkeley.edu,Gerri,Thomann,Female,11/25/2019,50
288,klowbridge7z@techcrunch.com,Katina,Lowbridge,Female,5/25/2020,30
289,cdelhay80@google.ca,Coleen,Delhay,Female,11/13/2019,10
290,hlissandri81@reddit.com,Husein,Lissandri,Male,4/20/2020,96
291,tscowen82@mlb.com,Teodoro,Scowen,Male,6/17/2019,94
292,cimlacke83@booking.com,Clair,Imlacke,Female,7/28/2019,5
293,tvogeller84@ox.ac.uk,Tomlin,Vogeller,Male,4/8/2020,22
294,wmcnirlin85@bigcartel.com,Welch,McNirlin,Male,9/2/2019,83
295,tdjekovic86@alibaba.com,Torrance,Djekovic,Male,7/9/2019,8
296,lcoatts87@google.it,Langsdon,Coatts,Male,6/7/2019,86
297,kremnant88@columbia.edu,Kaylee,Remnant,Female,10/17/2019,34
298,acabrara89@telegraph.co.uk,Auberon,Cabrara,Male,8/6/2019,42
299,ssibly8a@princeton.edu,Stacy,Sibly,Male,7/18/2019,74
300,bbleyman8b@paypal.com,Britney,Bleyman,Female,11/8/2019,23
301,gkoeppke8c@lulu.com,Gian,Koeppke,Male,3/21/2020,8
302,btorre8d@adobe.com,Barris,Torre,Male,8/31/2019,66
303,wmiskin8e@prnewswire.com,Woodman,Miskin,Male,3/30/2020,86
304,eshurrock8f@domainmarket.com,Ervin,Shurrock,Male,7/20/2019,70
305,tchaize8g@loc.gov,Tabina,Chaize,Female,9/25/2019,9
306,ajoust8h@wordpress.com,Arron,Joust,Male,1/11/2020,78
307,kderell8i@yellowpages.com,Kate,Derell,Female,2/23/2020,97
308,askellorne8j@homestead.com,Astrid,Skellorne,Female,4/9/2020,78
309,lemblow8k@myspace.com,Lana,Emblow,Female,6/2/2019,73
310,ccostanza8l@time.com,Cori,Costanza,Male,10/9/2019,62
311,amee8m@google.co.jp,Agosto,Mee,Male,9/29/2019,51
312,achevins8n@clickbank.net,Archibald,Chevins,Male,7/21/2019,25
313,hedmonson8o@nih.gov,Henrietta,Edmonson,Female,6/24/2019,84
314,srieme8p@microsoft.com,Samara,Rieme,Female,5/1/2020,39
315,kwhitters8q@cmu.edu,Konstance,Whitters,Female,6/7/2019,55
316,gallender8r@elegantthemes.com,Gregorius,Allender,Male,2/17/2020,78
317,msmee8s@harvard.edu,Maudie,Smee,Female,10/1/2019,64
318,steggart8t@discuz.net,Shirlee,Teggart,Female,6/20/2019,54
319,lbirch8u@ebay.com,Land,Birch,Male,7/9/2019,25
320,rhewell8v@ycombinator.com,Reuven,Hewell,Male,10/3/2019,47
321,kboundy8w@github.com,Kameko,Boundy,Female,4/28/2020,56
322,acoffelt8x@virginia.edu,Angie,Coffelt,Male,12/5/2019,67
323,swithur8y@chron.com,Shurwood,Withur,Male,10/18/2019,88
324,qrustedge8z@lulu.com,Quillan,Rustedge,Male,2/28/2020,90
325,hgilbody90@ovh.net,Heinrick,Gilbody,Male,1/13/2020,59
326,kfaucett91@google.de,Karol,Faucett,Female,9/16/2019,23
327,mdot92@netscape.com,Meryl,Dot,Female,10/22/2019,7
328,cargyle93@jigsy.com,Cyndy,Argyle,Female,2/6/2020,60
329,fhurdle94@hugedomains.com,Frederico,Hurdle,Male,2/22/2020,1
330,bbodocs95@usda.gov,Burl,Bodocs,Male,11/20/2019,82
331,enunan96@edublogs.org,Ernesta,Nunan,Female,11/10/2019,16
332,afeak97@ebay.co.uk,Avie,Feak,Female,9/20/2019,84
333,lcuffe98@nationalgeographic.com,Letizia,Cuffe,Female,8/19/2019,35
334,htomek99@nsw.gov.au,Horatio,Tomek,Male,4/6/2020,6
335,anolan9a@dropbox.com,Avivah,Nolan,Female,5/25/2020,41
336,bmcvitty9b@cargocollective.com,Benedikta,McVitty,Female,6/21/2019,65
337,cwing9c@oaic.gov.au,Christi,Wing,Female,9/4/2019,57
338,rlumsdaine9d@cam.ac.uk,Ricoriki,Lumsdaine,Male,2/29/2020,35
339,nmcgoon9e@hp.com,Neville,McGoon,Male,6/11/2019,32
340,bambrodi9f@symantec.com,Byrom,Ambrodi,Male,9/10/2019,75
341,tkiddey9g@cargocollective.com,Thekla,Kiddey,Female,1/26/2020,98
342,lohenery9h@hibu.com,Lucia,O'Henery,Female,8/3/2019,97
343,mtersay9i@artisteer.com,Monte,Tersay,Male,9/12/2019,39
344,wsisse9j@time.com,Wilbert,Sisse,Male,2/25/2020,9
345,kcanellas9k@craigslist.org,Kary,Canellas,Female,12/18/2019,41
346,gbarrowclough9l@wix.com,Gale,Barrowclough,Female,3/25/2020,94
347,agamble9m@newsvine.com,Abra,Gamble,Female,12/13/2019,74
348,crihanek9n@china.com.cn,Christin,Rihanek,Female,2/28/2020,8
349,gbeaze9o@twitpic.com,Gillan,Beaze,Female,2/23/2020,35
350,jjaggli9p@businessinsider.com,Joceline,Jaggli,Female,10/25/2019,35
351,ifoystone9q@about.me,Israel,Foystone,Male,9/12/2019,1
352,cramel9r@dion.ne.jp,Calla,Ramel,Female,1/3/2020,57
353,rsomerled9s@opera.com,Reginauld,Somerled,Male,7/14/2019,16
354,dsymington9t@trellian.com,Dante,Symington,Male,6/5/2019,19
355,cbladge9u@hexun.com,Cammie,Bladge,Female,2/1/2020,34
356,jshead9v@joomla.org,Jolynn,Shead,Female,10/17/2019,100
357,kchristoffe9w@mac.com,Kira,Christoffe,Female,7/29/2019,35
358,challihan9x@about.me,Cully,Hallihan,Male,6/19/2019,27
359,tpatsall9y@mozilla.com,Tamqrah,Patsall,Female,2/22/2020,32
360,ksheaf9z@soup.io,Karlens,Sheaf,Male,6/12/2019,25
361,mburgwina0@microsoft.com,Morganne,Burgwin,Female,5/13/2020,70
362,vdymicka1@123-reg.co.uk,Vasili,Dymick,Male,2/26/2020,43
363,lhansburya2@ovh.net,Lynnette,Hansbury,Female,9/21/2019,79
364,ctulletha3@addtoany.com,Claudetta,Tulleth,Female,10/16/2019,3
365,lbutfielda4@msu.edu,Layney,Butfield,Female,5/19/2020,87
366,ckisbeya5@smugmug.com,Cecilla,Kisbey,Female,1/17/2020,35
367,jharversona6@biblegateway.com,Jason,Harverson,Male,4/2/2020,84
368,bknappetta7@amazon.com,Bethina,Knappett,Female,1/16/2020,47
369,jgambrella8@etsy.com,Jesse,Gambrell,Female,6/3/2019,20
370,waughtiea9@hc360.com,Wilek,Aughtie,Male,10/15/2019,97
371,ohoodlessaa@t.co,Ofilia,Hoodless,Female,1/17/2020,1
372,awindaybankab@weather.com,Alfie,Windaybank,Female,11/2/2019,31
373,mplewesac@ezinearticles.com,Minna,Plewes,Female,11/21/2019,82
374,jalesad@bloglovin.com,Jocelyne,Ales0,Female,1/14/2020,2
375,idrowsfieldae@jalbum.net,Isahella,Drowsfield,Female,9/14/2019,2
376,bmayoralaf@time.com,Brady,Mayoral,Male,3/22/2020,13
377,ddrowsfieldag@webmd.com,Dene,Drowsfield,Male,12/15/2019,58
378,ndavidovskyah@ted.com,Nathan,Davidovsky,Male,12/22/2019,11
379,mchealai@github.io,Maurice,Cheal,Male,1/18/2020,63
380,feverissaj@blogs.com,Feliza,Everiss,Female,4/3/2020,47
381,cmcgreilak@theguardian.com,Christoper,McGreil,Male,11/28/2019,80
382,tmcenhillal@army.mil,Tracie,McEnhill,Female,6/18/2019,35
383,vbohlingolsenam@example.com,Valdemar,BoHlingolsen,Male,1/6/2020,50
384,bdionisioan@netvibes.com,Bartholomew,Dionisio,Male,12/6/2019,64
385,apresnallao@weibo.com,Angelina,Presnall,Female,1/24/2020,32
386,vgannicottap@nationalgeographic.com,Vivyan,Gannicott,Female,10/9/2019,46
387,hmacnairaq@disqus.com,Heidie,MacNair,Female,4/26/2020,5
388,ljiracekar@prnewswire.com,Lola,Jiracek,Female,7/31/2019,82
389,jblebyas@fc2.com,Jesus,Bleby,Male,4/11/2020,38
390,lricketsat@parallels.com,Lief,Rickets,Male,8/31/2019,69
391,nberlinau@cbslocal.com,Noach,Berlin,Male,11/14/2019,64
392,acicuttoav@tmall.com,Aliza,Cicutto,Female,7/11/2019,65
393,rquinaneaw@guardian.co.uk,Rey,Quinane,Female,5/21/2020,62
394,fhillattax@uiuc.edu,Frannie,Hillatt,Male,7/27/2019,89
395,hmassinghamay@123-reg.co.uk,Hobart,Massingham,Male,12/7/2019,13
396,ljanczykaz@g.co,Lucien,Janczyk,Male,3/24/2020,54
397,vlandreanb0@fc2.com,Verena,Landrean,Female,10/31/2019,98
398,ewhitehallb1@scientificamerican.com,Emmerich,Whitehall,Male,6/2/2019,71
399,mrichelb2@skyrock.com,Martino,Richel,Male,1/8/2020,69
400,faudenisb3@surveymonkey.com,Fredek,Audenis,Male,6/30/2019,61
401,agilstinb4@unicef.org,Arnuad,Gilstin,Male,5/7/2020,2
402,atanswillb5@fda.gov,Andee,Tanswill,Female,11/3/2019,24
403,bbaptistb6@wix.com,Bordy,Baptist,Male,4/15/2020,67
404,meliassenb7@cbsnews.com,Max,Eliassen,Male,3/7/2020,13
405,tverrickb8@usatoday.com,Therese,Verrick,Female,12/11/2019,95
406,ospeddinb9@php.net,Otis,Speddin,Male,9/11/2019,16
407,zwasonba@1und1.de,Zerk,Wason,Male,10/18/2019,99
408,smagwoodbb@list-manage.com,Sibylla,Magwood,Female,7/3/2019,3
409,rdericotbc@shutterfly.com,Richy,Dericot,Male,6/1/2019,36
410,rdivesbd@dagondesign.com,Rozamond,Dives,Female,7/21/2019,81
411,ekoppbe@epa.gov,Erin,Kopp,Male,9/24/2019,12
412,mwakebf@si.edu,Margery,Wake,Female,2/7/2020,100
413,tohmsbg@china.com.cn,Tallia,Ohms,Female,2/15/2020,29
414,ldowlebh@prweb.com,Lev,Dowle,Male,6/15/2019,69
415,gboolsbi@blogspot.com,Geoff,Bools,Male,4/25/2020,67
416,fboundybj@e-recht24.de,Flint,Boundy,Male,3/17/2020,27
417,bgooddingbk@wordpress.org,Benjamen,Goodding,Male,7/6/2019,25
418,csheriffbl@scribd.com,Chad,Sheriff,Female,10/17/2019,64
419,nodobm@naver.com,Norbert,Odo,Male,7/15/2019,61
420,aelsybn@goodreads.com,Agosto,Elsy,Male,1/25/2020,83
421,ecicchitellobo@qq.com,Enid,Cicchitello,Female,4/15/2020,1
422,hsyerbp@mlb.com,Hunfredo,Syer,Male,9/22/2019,13
423,amcclenaghanbq@altervista.org,Andre,McClenaghan,Male,7/14/2019,10
424,dbreckenbr@google.cn,Daren,Brecken,Male,1/13/2020,99
425,seiversbs@dyndns.org,Sonny,Eivers,Male,3/8/2020,46
426,bdidballbt@list-manage.com,Beverlie,Didball,Female,12/27/2019,6
427,emackaigbu@nih.gov,Ev,MacKaig,Male,4/15/2020,34
428,lroiznbv@feedburner.com,Lyndsie,Roizn,Female,5/11/2020,13
429,dkaliszewskibw@bigcartel.com,Devy,Kaliszewski,Male,9/27/2019,39
430,kfarrisbx@npr.org,Kristan,Farris,Female,1/12/2020,47
431,mtemplarby@eepurl.com,Menard,Templar,Male,2/7/2020,75
432,mbrammallbz@uol.com.br,Milo,Brammall,Male,8/21/2019,70
433,rfarhertyc0@pbs.org,Rozina,Farherty,Female,5/14/2020,86
434,spettipherc1@booking.com,Sonja,Pettipher,Female,1/22/2020,10
435,dternottc2@surveymonkey.com,Deena,Ternott,Female,12/2/2019,43
436,clennardec3@photobucket.com,Catie,Lennarde,Female,5/2/2020,21
437,bkellockc4@bigcartel.com,Budd,Kellock,Male,9/17/2019,96
438,ablackabyc5@homestead.com,Althea,Blackaby,Female,5/30/2020,64
439,enashec6@independent.co.uk,Eugen,Nashe,Male,3/7/2020,46
440,dsperec7@unesco.org,Datha,Spere,Female,5/19/2020,6
441,gsorbyc8@ihg.com,Gerri,Sorby,Female,2/19/2020,55
442,nbenardc9@ucoz.ru,Norina,Benard,Female,6/9/2019,76
443,alegerca@sogou.com,Avery,Leger,Male,11/9/2019,15
444,gdeshortscb@marriott.com,Gilli,Deshorts,Female,8/8/2019,3
445,schritchlowcc@skype.com,Sarene,Chritchlow,Female,2/25/2020,45
446,dbarlingcd@prweb.com,Damien,Barling,Male,1/17/2020,14
447,apudsallce@samsung.com,Aldous,Pudsall,Male,1/11/2020,62
448,vpletcf@samsung.com,Vaclav,Plet,Male,4/21/2020,40
449,edarrigonecg@altervista.org,Enrika,Darrigone,Female,9/15/2019,13
450,csailesch@miitbeian.gov.cn,Catherin,Sailes,Female,5/19/2020,75
451,ilauderdaleci@unesco.org,Izabel,Lauderdale,Female,10/6/2019,28
452,dmacgraithcj@photobucket.com,Derrek,MacGraith,Male,9/5/2019,15
453,fbamlettck@gnu.org,Frans,Bamlett,Male,6/8/2019,56
454,hbeahancl@scientificamerican.com,Hewett,Beahan,Male,4/2/2020,37
455,cleijscm@cdc.gov,Celene,Leijs,Female,8/8/2019,3
456,ohatchettcn@amazon.co.jp,Olivero,Hatchett,Male,10/19/2019,21
457,taimerco@sourceforge.net,Timmie,Aimer,Male,1/23/2020,28
458,kcastiellocp@typepad.com,Karlens,Castiello,Male,10/17/2019,60
459,esecrettcq@lycos.com,Ebeneser,Secrett,Male,11/1/2019,33
460,tbaigentcr@hubpages.com,Timothy,Baigent,Male,1/1/2020,42
461,rkippincs@latimes.com,Rorie,Kippin,Female,6/30/2019,34
462,vbowtonct@liveinternet.ru,Veronike,Bowton,Female,9/15/2019,41
463,rsandwithcu@google.es,Reilly,Sandwith,Male,2/27/2020,67
464,dgillottcv@photobucket.com,Doy,Gillott,Male,4/2/2020,83
465,lnaceycw@ucoz.ru,Lynnell,Nacey,Female,10/23/2019,10
466,acarryercx@upenn.edu,Aharon,Carryer,Male,9/25/2019,57
467,nhughlandcy@hexun.com,Neddie,Hughland,Male,3/8/2020,34
468,enicklinsoncz@twitpic.com,Elwin,Nicklinson,Male,2/28/2020,65
469,dfortound0@cocolog-nifty.com,Dione,Fortoun,Female,4/10/2020,11
470,amaccrackand1@census.gov,Ase,MacCrackan,Male,3/8/2020,6
471,tleggatd2@xinhuanet.com,Tracy,Leggat,Male,2/1/2020,37
472,eblyded3@chronoengine.com,Eberto,Blyde,Male,6/22/2019,85
473,nstollsteinerd4@mit.edu,Nicolis,Stollsteiner,Male,11/1/2019,30
474,apardeyd5@tuttocitta.it,Athene,Pardey,Female,9/9/2019,23
475,mstreetsd6@apache.org,Maurizia,Streets,Female,4/19/2020,62
476,gingalld7@webmd.com,Genia,Ingall,Female,12/20/2019,5
477,dfloresd8@google.co.jp,Dionysus,Flores,Male,1/30/2020,74
478,mbertramd9@lulu.com,Morgun,Bertram,Male,3/16/2020,98
479,yclareda@rambler.ru,Yoshiko,Clare,Female,2/25/2020,66
480,msingletondb@miitbeian.gov.cn,Margaretha,Singleton,Female,8/2/2019,46
481,lmattersleydc@acquirethisname.com,Letty,Mattersley,Female,9/1/2019,53
482,afullickdd@va.gov,Alisha,Fullick,Female,6/22/2019,12
483,jproomde@usda.gov,Joly,Proom,Female,4/19/2020,37
484,cgossopdf@dyndns.org,Carr,Gossop,Male,3/1/2020,34
485,rlebretondelavieuvilledg@hc360.com,Robinson,Le Breton De La Vieuville,Male,2/22/2020,85
486,lginnetydh@51.la,Leena,Ginnety,Female,5/26/2020,4
487,sconnechydi@people.com.cn,Shepherd,Connechy,Male,3/15/2020,46
488,srenzinidj@slideshare.net,Shell,Renzini,Male,1/4/2020,38
489,cjeaneldk@nasa.gov,Cob,Jeanel,Male,10/22/2019,43
490,gbosmadl@msn.com,Gan,Bosma,Male,8/30/2019,67
491,fmacksteaddm@nba.com,Frasier,Mackstead,Male,11/4/2019,20
492,agowendn@so-net.ne.jp,Alisander,Gowen,Male,12/28/2019,98
493,ohedgeleydo@netlog.com,Orran,Hedgeley,Male,7/21/2019,21
494,fnisiusdp@free.fr,Franny,Nisius,Female,8/3/2019,2
495,lhinksdq@ucoz.com,Lenette,Hinks,Female,3/4/2020,19
496,cploughwrightdr@homestead.com,Cindra,Ploughwright,Female,6/4/2019,81
497,arosindillds@google.com,Anderson,Rosindill,Male,7/4/2019,62
498,rsidebottomdt@nbcnews.com,Rochette,Sidebottom,Female,6/28/2019,27
499,idoumicdu@xrea.com,Ivor,Doumic,Male,9/23/2019,19
500,bgriniovdv@networkadvertising.org,Bell,Griniov,Female,8/5/2019,34
501,ehellyardw@huffingtonpost.com,Elvera,Hellyar,Female,12/9/2019,76
502,gogroganedx@tmall.com,Giffie,O'Grogane,Male,11/28/2019,99
503,dharriskinedy@livejournal.com,Donn,Harriskine,Male,3/24/2020,31
504,jgopsalldz@google.com.br,Jase,Gopsall,Male,1/30/2020,64
505,gurpethe0@cyberchimps.com,Gene,Urpeth,Female,8/4/2019,26
506,lhebbese1@businessinsider.com,Lotty,Hebbes,Female,8/12/2019,7
507,ysholle2@ftc.gov,Yetty,Sholl,Female,8/17/2019,48
508,dcomiame3@ted.com,Dermot,Comiam,Male,5/10/2020,50
509,ksandwiche4@nationalgeographic.com,Kirsteni,Sandwich,Female,12/13/2019,27
510,awixe5@ning.com,Arron,Wix,Male,11/13/2019,98
511,egiacomelloe6@oracle.com,Ellerey,Giacomello,Male,4/8/2020,79
512,jbeinincke7@php.net,Jared,Beininck,Male,10/31/2019,64
513,claurenze8@nifty.com,Claretta,Laurenz,Female,12/4/2019,31
514,abourtone9@icq.com,Ahmed,Bourton,Male,6/13/2019,97
515,blonglandea@flavors.me,Bordy,Longland,Male,12/5/2019,95
516,smillhouseeb@spotify.com,Saundra,Millhouse,Male,9/14/2019,75
517,wnaniec@geocities.com,Wald,Nani,Male,4/13/2020,36
518,iperised@google.ca,Illa,Peris,Female,6/19/2019,41
519,wcescotiee@networkadvertising.org,Winnie,Cescoti,Male,2/23/2020,23
520,rpooleyef@auda.org.au,Rhonda,Pooley,Female,12/14/2019,2
521,shaseleyeg@techcrunch.com,Sheelagh,Haseley,Female,2/28/2020,81
522,mpochoneh@smugmug.com,May,Pochon,Female,4/11/2020,87
523,smiddellei@livejournal.com,Skippy,Middell,Male,5/4/2020,37
524,jmacciej@smh.com.au,Jeno,Macci,Male,7/31/2019,70
525,ptattersfieldek@java.com,Petronilla,Tattersfield,Female,1/4/2020,67
526,awysonel@google.de,Almira,Wyson,Female,5/18/2020,12
527,alampaertem@boston.com,Augustina,Lampaert,Female,1/28/2020,44
528,wgyteshamen@wordpress.com,Warden,Gytesham,Male,4/2/2020,34
529,deliassoneo@miibeian.gov.cn,Doralynne,Eliasson,Female,5/22/2020,26
530,alamblotep@cisco.com,Ambrosi,Lamblot,Male,10/10/2019,91
531,ballridgeeq@census.gov,Brig,Allridge,Male,12/6/2019,38
532,tcollinsoner@fda.gov,Thorndike,Collinson,Male,7/20/2019,43
533,tparadisees@spiegel.de,Tallulah,Paradise,Female,2/6/2020,8
534,ahasnneyet@joomla.org,Adams,Hasnney,Male,10/30/2019,32
535,cgougheu@jiathis.com,Corrinne,Gough,Female,2/29/2020,5
536,iousleyev@altervista.org,Irma,Ousley,Female,8/4/2019,55
537,ghaglingtonew@google.pl,Gerhardine,Haglington,Female,5/15/2020,34
538,swalshamex@newsvine.com,Saloma,Walsham,Female,10/21/2019,65
539,dhalsoney@odnoklassniki.ru,Danica,Halson,Female,10/12/2019,52
540,mbrandrethez@blinklist.com,Marci,Brandreth,Female,11/14/2019,46
541,hollierf0@mozilla.org,Hetti,Ollier,Female,10/13/2019,84
542,abubearf1@newyorker.com,Archibold,Bubear,Male,7/18/2019,99
543,mmangionf2@ucla.edu,Marcia,Mangion,Female,2/12/2020,81
544,gnewcombf3@xinhuanet.com,Gayelord,Newcomb,Male,6/12/2019,83
545,jrosf4@howstuffworks.com,Joanie,Ros,Female,9/24/2019,11
546,hsproatf5@acquirethisname.com,Hayley,Sproat,Female,8/27/2019,18
547,ytarpleef6@webs.com,Yalonda,Tarplee,Female,8/24/2019,56
548,lcarnef7@businesswire.com,Lezlie,Carne,Female,2/28/2020,31
549,mdodwellf8@moonfruit.com,Myriam,Dodwell,Female,8/12/2019,24
550,ssambidgef9@jiathis.com,Steve,Sambidge,Male,2/7/2020,85
551,ahalmkinfa@wiley.com,Aura,Halmkin,Female,2/2/2020,51
552,drushmerfb@marriott.com,Dynah,Rushmer,Female,4/16/2020,39
553,vyettsfc@xinhuanet.com,Veriee,Yetts,Female,11/13/2019,74
554,rcarsonfd@parallels.com,Randall,Carson,Male,10/6/2019,74
555,cyackiminiefe@unesco.org,Chelsy,Yackiminie,Female,9/16/2019,25
556,hwilmanff@yolasite.com,Herbert,Wilman,Male,7/20/2019,83
557,ccuckoofg@ning.com,Claresta,Cuckoo,Female,10/18/2019,62
558,anortheastfh@engadget.com,Andros,Northeast,Male,1/3/2020,87
559,lspatarulfi@slashdot.org,Les,Spatarul,Male,5/7/2020,15
560,sstawellfj@live.com,Sidonnie,Stawell,Female,8/4/2019,12
561,hbromehedfk@constantcontact.com,Hillel,Bromehed,Male,3/27/2020,16
562,bcoldbathfl@booking.com,Beniamino,Coldbath,Male,11/21/2019,46
563,bdiroccafm@dmoz.org,Brett,di Rocca,Male,9/10/2019,43
564,dbradshawfn@msu.edu,Danita,Bradshaw,Female,9/12/2019,73
565,flegertonfo@netlog.com,Feliks,Legerton,Male,5/26/2020,35
566,eklinckfp@forbes.com,Erik,Klinck,Male,2/2/2020,57
567,pwycherleyfq@google.fr,Prentice,Wycherley,Male,7/9/2019,67
568,ylazellfr@tamu.edu,Yancey,Lazell,Male,6/28/2019,67
569,nscrowbyfs@cargocollective.com,Noellyn,Scrowby,Female,8/23/2019,93
570,wdeverauxft@parallels.com,Wallis,Deveraux,Male,6/13/2019,23
571,dbrookesfu@homestead.com,Dietrich,Brookes,Male,2/8/2020,44
572,emenerefv@sun.com,Elyssa,Menere,Female,2/29/2020,94
573,aalphonsofw@yahoo.com,Abel,Alphonso,Male,5/18/2020,77
574,ipyefx@ow.ly,Irena,Pye,Female,3/10/2020,28
575,twarnockfy@redcross.org,Tore,Warnock,Male,12/21/2019,76
576,bbuttingfz@cpanel.net,Becky,Butting,Female,6/9/2019,57
577,mmaudittg0@usa.gov,Mattheus,Mauditt,Male,12/13/2019,49
578,bmerricksg1@wsj.com,Bordie,Merricks,Male,11/18/2019,10
579,gbrinsdeng2@jugem.jp,Gavra,Brinsden,Female,7/7/2019,90
580,amannersg3@state.gov,Arlie,Manners,Female,2/27/2020,78
581,atarreng4@auda.org.au,Arny,Tarren,Male,7/11/2019,98
582,rgonthardg5@telegraph.co.uk,Robbert,Gonthard,Male,8/28/2019,35
583,bjudgkinsg6@wordpress.com,Bernadine,Judgkins,Female,8/19/2019,57
584,ciskovg7@flavors.me,Catarina,Iskov,Female,4/19/2020,61
585,jcosinsg8@opera.com,Jackqueline,Cosins,Female,8/6/2019,69
586,bglennieg9@sitemeter.com,Boot,Glennie,Male,11/26/2019,50
587,dverryanga@printfriendly.com,Des,Verryan,Male,2/3/2020,21
588,bgodboltgb@feedburner.com,Bernardina,Godbolt,Female,11/30/2019,94
589,nlabordegc@amazonaws.com,Nikolos,Laborde,Male,12/14/2019,59
590,bdurniangd@elegantthemes.com,Beale,Durnian,Male,5/2/2020,58
591,afordyge@nasa.gov,Alfreda,Fordy,Female,5/13/2020,13
592,lpratchettgf@opensource.org,Lock,Pratchett,Male,2/3/2020,52
593,fgiacobinigg@twitpic.com,Franny,Giacobini,Female,6/22/2019,91
594,hnornablegh@europa.eu,Had,Nornable,Male,7/11/2019,74
595,carnaldigi@irs.gov,Ciro,Arnaldi,Male,8/18/2019,9
596,msquiresgj@mtv.com,Moreen,Squires,Female,8/31/2019,72
597,rromangk@bluehost.com,Roxana,Roman,Female,7/29/2019,74
598,twapplegl@omniture.com,Teodorico,Wapple,Male,4/18/2020,80
599,akevisgm@ibm.com,Adelle,Kevis,Female,6/10/2019,81
600,ekeningtongn@goo.gl,Elliot,Kenington,Male,11/22/2019,24
601,jspallgo@house.gov,Johnathan,Spall,Male,3/29/2020,79
602,apettisallgp@weibo.com,Ara,Pettisall,Female,4/11/2020,10
603,lbadseygq@i2i.jp,Lelia,Badsey,Female,10/3/2019,53
604,dfleagr@nytimes.com,Dory,Flea,Female,11/3/2019,10
605,fborrottgs@hao123.com,Florri,Borrott,Female,7/29/2019,11
606,felfegt@uiuc.edu,Franciskus,Elfe,Male,11/16/2019,34
607,gvedekhingu@forbes.com,Gerhard,Vedekhin,Male,9/15/2019,68
608,cmclaughlangv@chicagotribune.com,Constancy,McLaughlan,Female,3/11/2020,32
609,kphilippardgw@tmall.com,Kerry,Philippard,Male,9/25/2019,83
610,bpattesallgx@istockphoto.com,Bearnard,Pattesall,Male,7/27/2019,78
611,hdupoygy@oracle.com,Hayyim,Dupoy,Male,8/10/2019,17
612,mtorregianigz@rambler.ru,Maggee,Torregiani,Female,2/15/2020,24
613,ikolinh0@oaic.gov.au,Inez,Kolin,Female,8/28/2019,49
614,rhumpherstonh1@pen.io,Riley,Humpherston,Male,12/2/2019,82
615,rsharplesh2@netvibes.com,Rozina,Sharples,Female,7/18/2019,28
616,nclipsonh3@unesco.org,Neville,Clipson,Male,11/15/2019,67
617,omahonh4@meetup.com,Odilia,Mahon,Female,12/16/2019,25
618,kkennhamh5@ibm.com,Keslie,Kennham,Female,6/30/2019,69
619,hphilipssonh6@wordpress.com,Harriette,Philipsson,Female,8/9/2019,49
620,gloyndonh7@mac.com,Gardie,Loyndon,Male,9/25/2019,95
621,rmanklowh8@chron.com,Royal,Manklow,Male,6/28/2019,80
622,afullh9@cyberchimps.com,Ashley,Full,Female,12/24/2019,34
623,rdallewaterha@nymag.com,Reilly,Dallewater,Male,12/7/2019,57
624,kferneyhb@harvard.edu,Kevon,Ferney,Male,6/30/2019,75
625,gmerritonhc@ca.gov,Gard,Merriton,Male,11/17/2019,77
626,fstariehd@printfriendly.com,Fredericka,Starie,Female,10/19/2019,82
627,mpittelhe@smh.com.au,Morgan,Pittel,Male,12/13/2019,59
628,ceingerfieldhf@webs.com,Calv,Eingerfield,Male,4/18/2020,6
629,rwennhg@is.gd,Rosamund,Wenn,Female,12/25/2019,63
630,hautryhh@nature.com,Harvey,Autry,Male,4/2/2020,6
631,selacoatehi@issuu.com,Sisely,Elacoate,Female,9/28/2019,34
632,ralejohj@linkedin.com,Reinold,Alejo,Male,3/20/2020,33
633,dcarrollhk@bloglovin.com,Diana,Carroll,Female,5/7/2020,38
634,kdeusshl@amazon.com,Kathy,Deuss,Female,12/25/2019,71
635,dkillingbeckhm@bizjournals.com,Datha,Killingbeck,Female,4/9/2020,84
636,hvialhn@weather.com,Harli,Vial,Female,9/30/2019,3
637,rwillbourneho@ning.com,Roderich,Willbourne,Male,8/4/2019,20
638,sswepsonhp@uol.com.br,Silvano,Swepson,Male,1/1/2020,5
639,ajarmainhq@zdnet.com,Alena,Jarmain,Female,11/4/2019,28
640,wartindalehr@flavors.me,West,Artindale,Male,8/10/2019,45
641,tlosseljonghs@dot.gov,Tedmund,Losseljong,Male,5/8/2020,1
642,hsheerinht@etsy.com,Howard,Sheerin,Male,3/20/2020,8
643,lmcadamhu@spotify.com,Lonny,McAdam,Male,1/16/2020,71
644,vgillinghamshv@unc.edu,Valeda,Gillinghams,Female,10/13/2019,98
645,sharfoothw@geocities.jp,Sergent,Harfoot,Male,8/17/2019,58
646,tbuntinhx@kickstarter.com,Taffy,Buntin,Female,6/21/2019,91
647,bsandellshy@xrea.com,Brendan,Sandells,Male,4/12/2020,9
648,bcumberledgehz@addthis.com,Briggs,Cumberledge,Male,11/9/2019,18
649,wbranni0@springer.com,Wally,Brann,Female,12/23/2019,33
650,mpetryi1@devhub.com,Mose,Petry,Male,2/20/2020,76
651,estoodersi2@storify.com,Elysha,Stooders,Female,9/24/2019,56
652,fbyardi3@nyu.edu,Free,Byard,Male,11/30/2019,8
653,lhertwelli4@hexun.com,Linc,Hertwell,Male,11/9/2019,8
654,ctrumblei5@timesonline.co.uk,Coral,Trumble,Female,5/24/2020,15
655,bsilvesteri6@gmpg.org,Berni,Silvester,Female,10/13/2019,46
656,esaggsi7@ocn.ne.jp,Eveline,Saggs,Female,7/8/2019,24
657,ppomphretti8@newsvine.com,Peri,Pomphrett,Female,6/15/2019,2
658,mgelderi9@naver.com,Madelina,Gelder,Female,7/21/2019,16
659,omacredmondia@delicious.com,Otha,MacRedmond,Female,8/4/2019,17
660,cleasonib@ycombinator.com,Corabella,Leason,Female,7/6/2019,90
661,gglederic@hp.com,Guillema,Gleder,Female,4/10/2020,16
662,pjebbid@digg.com,Prince,Jebb,Male,10/25/2019,25
663,afurnissie@dell.com,Antony,Furniss,Male,3/3/2020,48
664,rdebruijneif@1688.com,Rodge,De Bruijne,Male,3/15/2020,70
665,mmaryig@cnbc.com,Melony,Mary,Female,1/27/2020,74
666,oburgiseih@alexa.com,Osborne,Burgise,Male,8/10/2019,98
667,rstreaderii@symantec.com,Rouvin,Streader,Male,6/3/2019,1
668,kduffellij@discovery.com,Kevan,Duffell,Male,6/18/2019,97
669,mbrevetorik@webeden.co.uk,Marlow,Brevetor,Male,10/28/2019,25
670,lgoodereil@squidoo.com,Loise,Goodere,Female,5/30/2020,43
671,feppleim@goo.ne.jp,Fergus,Epple,Male,12/8/2019,63
672,rparkesin@sina.com.cn,Rhona,Parkes,Female,5/18/2020,55
673,hhedditchio@si.edu,Halsey,Hedditch,Male,6/15/2019,47
674,ssillettip@dedecms.com,Sibyl,Sillett,Female,7/17/2019,10
675,sphettisiq@newyorker.com,Sile,Phettis,Female,1/17/2020,45
676,lmohammadir@elegantthemes.com,Lacy,Mohammad,Female,9/10/2019,93
677,rdiemeris@dagondesign.com,Reinhold,Diemer,Male,10/10/2019,92
678,ghamberstoneit@example.com,Georgy,Hamberstone,Male,10/12/2019,84
679,vernkeiu@wufoo.com,Vernor,Ernke,Male,3/1/2020,77
680,lnorvilleiv@theguardian.com,Lorene,Norville,Female,3/8/2020,44
681,cyabsleyiw@creativecommons.org,Cami,Yabsley,Female,8/7/2019,58
682,mfairebrotherix@elpais.com,Markus,Fairebrother,Male,3/7/2020,98
683,acorroyeriy@goo.gl,Alphonso,Corroyer,Male,5/25/2020,88
684,bmutimeriz@feedburner.com,Beaufort,Mutimer,Male,6/11/2019,18
685,oreimerj0@archive.org,Onofredo,Reimer,Male,11/7/2019,7
686,myitzhakofj1@wikia.com,Marjie,Yitzhakof,Female,9/4/2019,43
687,bpeasbyj2@columbia.edu,Beverlie,Peasby,Female,5/28/2020,42
688,zstonestreetj3@ehow.com,Zane,Stonestreet,Male,9/17/2019,9
689,kbrideauxj4@auda.org.au,Kitti,Brideaux,Female,6/14/2019,88
690,kwarderj5@purevolume.com,Kora,Warder,Female,2/5/2020,2
691,jdiggarj6@intel.com,Jayson,Diggar,Male,12/30/2019,12
692,sslaghtj7@walmart.com,Shandra,Slaght,Female,4/4/2020,23
693,pcatchpolej8@purevolume.com,Payton,Catchpole,Male,11/17/2019,57
694,emanninj9@senate.gov,Elonore,Mannin,Female,3/27/2020,81
695,hhucksteppja@webeden.co.uk,Hartwell,Huckstepp,Male,11/5/2019,87
696,gbussenjb@comcast.net,Gnni,Bussen,Female,11/28/2019,91
697,dmurdyjc@booking.com,Dina,Murdy,Female,5/29/2020,22
698,jedmensonjd@joomla.org,Julie,Edmenson,Female,5/15/2020,33
699,cbrendje@google.com.hk,Cleavland,Brend,Male,6/5/2019,37
700,wkolisjf@go.com,Worden,Kolis,Male,7/13/2019,45
701,jaleksandrovjg@miitbeian.gov.cn,Jane,Aleksandrov,Female,8/2/2019,16
702,wbudnikjh@wikipedia.org,Westley,Budnik,Male,9/10/2019,41
703,sbeagleholeji@yellowbook.com,Sibelle,Beaglehole,Female,6/7/2019,52
704,mboyfieldjj@berkeley.edu,Morey,Boyfield,Male,8/19/2019,57
705,aouldredjk@posterous.com,Amy,Ouldred,Female,1/4/2020,70
706,smimmackjl@usa.gov,Sapphira,Mimmack,Female,12/24/2019,64
707,cmoraleejm@upenn.edu,Cynthy,Moralee,Female,6/2/2019,17
708,kmassowjn@psu.edu,Karie,Massow,Female,8/30/2019,10
709,wgreensladejo@shinystat.com,Waldon,Greenslade,Male,6/5/2019,1
710,ahyltonjp@yale.edu,Ardith,Hylton,Female,3/13/2020,3
711,kgladbeckjq@cnn.com,Karna,Gladbeck,Female,9/1/2019,91
712,eschlagtmansjr@mac.com,Elysha,Schlagtmans,Female,5/6/2020,80
713,tpawelsjs@deliciousdays.com,Tresa,Pawels,Female,6/3/2019,55
714,wyouthedjt@sbwire.com,Wallis,Youthed,Male,3/8/2020,1
715,shanrettyju@admin.ch,Saunderson,Hanretty,Male,8/23/2019,44
716,jbuckseyjv@senate.gov,Josy,Bucksey,Female,4/28/2020,37
717,vstockhilljw@sciencedaily.com,Virgil,Stockhill,Male,7/10/2019,52
718,pbarcajx@buzzfeed.com,Piggy,Barca,Male,10/6/2019,4
719,cmudgejy@toplist.cz,Conroy,Mudge,Male,4/28/2020,83
720,calywenjz@biblegateway.com,Colver,Alywen,Male,6/28/2019,27
721,mdarringtonk0@usgs.gov,Moises,Darrington,Male,7/31/2019,77
722,lhuisonk1@issuu.com,Lon,Huison,Male,8/14/2019,8
723,hoflynnk2@webeden.co.uk,Hadley,O'Flynn,Male,3/3/2020,16
724,osimionescuk3@liveinternet.ru,Orin,Simionescu,Male,9/6/2019,41
725,molivellik4@mtv.com,Madel,Olivelli,Female,12/4/2019,13
726,jmccurdyk5@theatlantic.com,Jdavie,McCurdy,Male,6/29/2019,32
727,rroebuckk6@businessinsider.com,Rodolphe,Roebuck,Male,4/28/2020,72
728,smagillk7@answers.com,Stillmann,Magill,Male,6/14/2019,18
729,rredheadk8@blogs.com,Rudie,Redhead,Male,9/16/2019,89
730,mdelatremoillek9@mit.edu,Miguela,de la Tremoille,Female,12/28/2019,82
731,yrokeka@patch.com,Yalonda,Roke,Female,9/27/2019,97
732,mcicconekb@sina.com.cn,Morgen,Ciccone,Female,5/2/2020,88
733,imcgillacoellkc@moonfruit.com,Isac,McGillacoell,Male,7/1/2019,79
734,rhodgetskd@eepurl.com,Roobbie,Hodgets,Female,7/16/2019,77
735,jwasske@ezinearticles.com,Justen,Wass,Male,12/1/2019,10
736,cedmundkf@indiegogo.com,Cary,Edmund,Male,2/25/2020,96
737,bbrookeskg@rambler.ru,Bibi,Brookes,Female,5/16/2020,43
738,lbarcakh@sun.com,Lanae,Barca,Female,7/13/2019,12
739,astauntonki@issuu.com,Aube,Staunton,Male,11/2/2019,8
740,ffarryannkj@time.com,Filia,Farryann,Female,1/11/2020,30
741,crodolfkk@instagram.com,Cristionna,Rodolf,Female,6/19/2019,55
742,fthompsettkl@google.com.au,Francoise,Thompsett,Female,6/4/2019,86
743,dwhitehousekm@uiuc.edu,Durante,Whitehouse,Male,9/14/2019,1
744,kklimschkn@people.com.cn,Kaile,Klimsch,Female,1/13/2020,80
745,ngaunterko@odnoklassniki.ru,Ninetta,Gaunter,Female,9/3/2019,37
746,gbosmankp@java.com,Giff,Bosman,Male,7/16/2019,97
747,cwilmutkq@aol.com,Carey,Wilmut,Male,4/13/2020,26
748,daggottkr@opensource.org,Donny,Aggott,Male,12/26/2019,6
749,gcutlerks@homestead.com,Godart,Cutler,Male,10/27/2019,37
750,jcattokt@trellian.com,Jody,Catto,Female,2/24/2020,94
751,amaccaigku@moonfruit.com,Aron,Maccaig,Male,7/5/2019,4
752,rdenajerakv@networkadvertising.org,Reagen,de Najera,Male,3/21/2020,74
753,kluciakw@weebly.com,Kelsi,Lucia,Female,3/7/2020,50
754,pbellerkx@earthlink.net,Pavlov,Beller,Male,6/20/2019,39
755,bkohnekeky@sourceforge.net,Berke,Kohneke,Male,9/1/2019,57
756,sstannerskz@nasa.gov,Stanly,Stanners,Male,3/29/2020,42
757,smiqueletl0@bloglovin.com,Sinclare,Miquelet,Male,7/22/2019,12
758,bcoveneyl1@vimeo.com,Broderick,Coveney,Male,6/19/2019,93
759,astolzel2@yandex.ru,Andrew,Stolze,Male,4/18/2020,70
760,rgreevesl3@twitpic.com,Roseline,Greeves,Female,9/28/2019,11
761,adennesl4@nbcnews.com,Arney,Dennes,Male,9/14/2019,17
762,wrosenboiml5@stumbleupon.com,Winona,Rosenboim,Female,8/26/2019,16
763,fkadarl6@nifty.com,Fonz,Kadar,Male,4/19/2020,76
764,chultbergl7@hao123.com,Catriona,Hultberg,Female,5/15/2020,56
765,askittreall8@usgs.gov,Alaric,Skittreal,Male,1/13/2020,34
766,fschachl9@fc2.com,Ferris,Schach,Male,8/30/2019,80
767,lalexsandrevla@imageshack.us,Levi,Alexsandrev,Male,7/8/2019,61
768,tcomettilb@fotki.com,Torre,Cometti,Male,6/21/2019,49
769,ltarbardlc@gov.uk,Lyon,Tarbard,Male,6/26/2019,32
770,cnelliesld@mapquest.com,Catherina,Nellies,Female,4/30/2020,38
771,malbionle@51.la,Mason,Albion,Male,8/31/2019,2
772,cregolf@slideshare.net,Colline,Rego,Female,12/29/2019,75
773,gdursleylg@japanpost.jp,Gwenore,Dursley,Female,10/21/2019,40
774,agettenslh@loc.gov,Abbi,Gettens,Female,1/3/2020,26
775,jmcwilliamsli@about.com,Jere,McWilliams,Male,7/13/2019,74
776,rgozardlj@senate.gov,Rainer,Gozard,Male,10/7/2019,12
777,nmctavishlk@shutterfly.com,Napoleon,McTavish,Male,10/20/2019,72
778,agoacherll@google.es,Ave,Goacher,Male,4/3/2020,9
779,tmonkemanlm@reddit.com,Tim,Monkeman,Male,2/23/2020,74
780,jhadawayln@meetup.com,Jack,Hadaway,Male,10/4/2019,25
781,tsoigouxlo@shinystat.com,Tedd,Soigoux,Male,2/3/2020,50
782,glilbournelp@chron.com,Gibby,Lilbourne,Male,6/24/2019,15
783,mpoznanlq@amazon.co.jp,Marsh,Poznan,Male,6/21/2019,95
784,dheardmanlr@trellian.com,Dalila,Heardman,Female,10/12/2019,74
785,gtreadgoldls@prnewswire.com,Gladys,Treadgold,Female,4/26/2020,89
786,dthomazinlt@hc360.com,Daisi,Thomazin,Female,7/17/2019,1
787,vkornyshevlu@amazonaws.com,Valentina,Kornyshev,Female,4/21/2020,92
788,adickinslv@ft.com,Adelice,Dickins,Female,1/16/2020,3
789,gancelllw@chicagotribune.com,Gisela,Ancell,Female,10/31/2019,65
790,mrendelllx@surveymonkey.com,Maxwell,Rendell,Male,1/6/2020,44
791,dkesterly@cnet.com,Dinny,Kester,Female,4/30/2020,46
792,hleballlz@usatoday.com,Hanni,Le Ball,Female,9/19/2019,44
793,hjorym0@creativecommons.org,Harris,Jory,Male,12/16/2019,35
794,winglibym1@ibm.com,Wyndham,Ingliby,Male,11/27/2019,38
795,msturneym2@netlog.com,Moishe,Sturney,Male,12/6/2019,92
796,mlesliem3@wiley.com,Murvyn,Leslie,Male,12/9/2019,74
797,fflatherm4@github.io,Franny,Flather,Male,9/19/2019,90
798,jkitchinghanm5@flavors.me,Jessalin,Kitchinghan,Female,7/31/2019,52
799,flamplughm6@yelp.com,Farrand,Lamplugh,Female,6/17/2019,48
800,tweightmanm7@hostgator.com,Thornton,Weightman,Male,9/18/2019,59
801,ifrailm8@xrea.com,Isidor,Frail,Male,11/22/2019,50
802,jhilandm9@1688.com,Jo-ann,Hiland,Female,5/27/2020,86
803,cgonsaloma@behance.net,Cyndi,Gonsalo,Female,2/5/2020,56
804,rpaysmb@addtoany.com,Richie,Pays,Male,6/16/2019,8
805,kyaremc@who.int,Kellen,Yare,Male,10/7/2019,32
806,mmacgibbonmd@icq.com,Morgen,MacGibbon,Female,8/3/2019,68
807,psmallpeaceme@about.com,Paulie,Smallpeace,Female,6/7/2019,11
808,tdillestonemf@weather.com,Tania,Dillestone,Female,12/25/2019,8
809,dsmallwoodmg@weather.com,Domingo,Smallwood,Male,4/26/2020,14
810,bporteousmh@booking.com,Bell,Porteous,Female,4/29/2020,48
811,amadsenmi@epa.gov,Alexandre,Madsen,Male,4/20/2020,76
812,gyounghusbandmj@disqus.com,Goraud,Younghusband,Male,2/20/2020,96
813,augolottimk@liveinternet.ru,Amble,Ugolotti,Male,5/25/2020,53
814,bupwardml@deviantart.com,Blair,Upward,Male,2/20/2020,28
815,pharmanmm@exblog.jp,Philly,Harman,Female,2/10/2020,63
816,jcoilmn@yahoo.com,Junette,Coil,Female,4/26/2020,95
817,dglydemo@independent.co.uk,Dore,Glyde,Male,10/12/2019,59
818,jsliddersmp@qq.com,Jandy,Slidders,Female,5/3/2020,37
819,skienzlemq@bbc.co.uk,Steffen,Kienzle,Male,4/21/2020,69
820,bqueyeiromr@npr.org,Benny,Queyeiro,Female,5/20/2020,35
821,acadneyms@is.gd,Ashely,Cadney,Female,8/11/2019,38
822,lbrimmmt@prweb.com,Leonard,Brimm,Male,7/26/2019,23
823,ckendermu@miibeian.gov.cn,Carly,Kender,Male,10/30/2019,37
824,umackombmv@wordpress.com,Uta,MacKomb,Female,8/20/2019,69
825,vautriemw@gmpg.org,Vonny,Autrie,Female,5/1/2020,4
826,jstickellsmx@eepurl.com,Junia,Stickells,Female,11/3/2019,76
827,ipepimy@ucoz.ru,Ira,Pepi,Male,8/2/2019,54
828,lkaaskoopermz@go.com,Lynne,Kaaskooper,Female,1/8/2020,31
829,wsunmann0@nature.com,Wright,Sunman,Male,12/27/2019,82
830,dbisacren1@goo.gl,Dee,Bisacre,Female,1/19/2020,86
831,mfolbign2@army.mil,Muhammad,Folbig,Male,10/27/2019,90
832,eclampen3@geocities.com,Eadie,Clampe,Female,11/24/2019,65
833,ppayzen4@hexun.com,Pepe,Payze,Male,1/4/2020,100
834,ecopozion5@google.com.br,Earlie,Copozio,Male,12/4/2019,90
835,emcnean6@vk.com,Emmi,McNea,Female,8/11/2019,26
836,rcosinsn7@goo.gl,Rozella,Cosins,Female,6/8/2019,79
837,bsteffann8@bbb.org,Bobby,Steffan,Female,4/4/2020,59
838,gsmyn9@virginia.edu,Glen,Smy,Female,8/22/2019,36
839,tskerrettna@histats.com,Temple,Skerrett,Male,10/7/2019,67
840,sisgarnb@feedburner.com,Sylvan,Isgar,Male,2/11/2020,37
841,hgysenc@washington.edu,Haley,Gyse,Female,12/23/2019,22
842,ahanningnd@mozilla.org,Aloise,Hanning,Female,5/12/2020,84
843,sstookene@constantcontact.com,Shurwood,Stooke,Male,8/26/2019,42
844,ahavillnf@a8.net,Antonino,Havill,Male,12/2/2019,13
845,pcrownshawng@nsw.gov.au,Pavel,Crownshaw,Male,3/8/2020,29
846,smunehaynh@gnu.org,Sib,Munehay,Female,6/30/2019,98
847,aclilverdni@ustream.tv,Adham,Clilverd,Male,7/9/2019,39
848,jotteenj@cam.ac.uk,Jeno,Ottee,Male,12/17/2019,98
849,mmclaffertynk@sourceforge.net,Marji,McLafferty,Female,11/4/2019,87
850,btirrellnl@wp.com,Bev,Tirrell,Female,12/22/2019,31
851,mlipyeatnm@amazon.com,Marilee,Lipyeat,Female,9/30/2019,66
852,mmugfordnn@printfriendly.com,Mallory,Mugford,Female,6/27/2019,63
853,mpicotno@hibu.com,Minnie,Picot,Female,4/24/2020,51
854,bdyenp@example.com,Bondie,Dye,Male,11/17/2019,64
855,ajerroltnq@oaic.gov.au,Archy,Jerrolt,Male,12/6/2019,81
856,jvannozziinr@rakuten.co.jp,Jacobo,Vannozzii,Male,11/27/2019,56
857,lreinhartns@ameblo.jp,Leann,Reinhart,Female,6/14/2019,83
858,pwittennt@smh.com.au,Pansie,Witten,Female,3/13/2020,9
859,wbremeyernu@engadget.com,Wilhelmina,Bremeyer,Female,1/2/2020,72
860,tfeldhammernv@indiatimes.com,Tonya,Feldhammer,Female,3/13/2020,57
861,ekreuzernw@elegantthemes.com,Ephraim,Kreuzer,Male,9/19/2019,7
862,plordonnx@networksolutions.com,Pegeen,Lordon,Female,11/12/2019,50
863,lorcasny@ed.gov,Luisa,Orcas,Female,6/14/2019,47
864,smecozzinz@unesco.org,Stella,Mecozzi,Female,3/6/2020,92
865,ocockshooto0@va.gov,Onfre,Cockshoot,Male,6/16/2019,47
866,chowitto1@bloomberg.com,Creigh,Howitt,Male,1/8/2020,81
867,rveldeno2@kickstarter.com,Renata,Velden,Female,4/17/2020,68
868,visakovo3@purevolume.com,Vince,Isakov,Male,11/7/2019,87
869,jshieldono4@weibo.com,Janice,Shieldon,Female,4/4/2020,23
870,nstiegero5@chron.com,Nikaniki,Stieger,Female,6/19/2019,65
871,rselmano6@so-net.ne.jp,Ring,Selman,Male,1/4/2020,10
872,mconnellyo7@hao123.com,Marielle,Connelly,Female,9/14/2019,7
873,fthackhamo8@comsenz.com,Forster,Thackham,Male,6/30/2019,40
874,mrylanceo9@cam.ac.uk,Martyn,Rylance,Male,6/16/2019,22
875,ndibsonoa@wufoo.com,Noland,Dibson,Male,4/19/2020,23
876,asyradob@columbia.edu,Agnese,Syrad,Female,2/18/2020,66
877,nbrambleoc@marriott.com,Noam,Bramble,Male,11/24/2019,45
878,bkaesmansod@goo.gl,Bailie,Kaesmans,Male,11/14/2019,76
879,fdundendaleoe@java.com,Felice,Dundendale,Male,6/15/2019,74
880,wharburtsonof@tripod.com,Waring,Harburtson,Male,1/3/2020,65
881,mtrailog@tmall.com,Mead,Trail,Female,12/29/2019,93
882,mstendelloh@umn.edu,Marvin,Stendell,Male,11/7/2019,39
883,psicelyoi@gov.uk,Phillida,Sicely,Female,8/18/2019,18
884,smacgillespieoj@upenn.edu,Sinclare,MacGillespie,Male,8/7/2019,65
885,smanuelliok@webs.com,Siegfried,Manuelli,Male,12/29/2019,70
886,amaginnol@mayoclinic.com,Allan,Maginn,Male,3/29/2020,82
887,hfarnhamom@discuz.net,Henri,Farnham,Male,8/23/2019,50
888,jcruceon@over-blog.com,Jeanine,Cruce,Female,9/1/2019,44
889,ibensusanoo@cocolog-nifty.com,Isaak,Bensusan,Male,3/19/2020,34
890,amaccostoop@aboutads.info,Alix,MacCosto,Male,3/2/2020,97
891,nrudgerdoq@addtoany.com,Norri,Rudgerd,Female,12/2/2019,40
892,etomsettor@live.com,Ester,Tomsett,Female,4/11/2020,87
893,xhatwellsos@moonfruit.com,Xenia,Hatwells,Female,2/19/2020,69
894,arainsdenot@blogtalkradio.com,Ameline,Rainsden,Female,5/21/2020,100
895,mlardnarou@php.net,Martyn,Lardnar,Male,9/22/2019,22
896,jmcavinov@zdnet.com,Jesselyn,McAvin,Female,11/3/2019,97
897,ryitshakow@intel.com,Rosalynd,Yitshak,Female,1/12/2020,46
898,smccoveneyox@gravatar.com,Sheilah,McCoveney,Female,2/6/2020,17
899,hzettleroy@hud.gov,Harlan,Zettler,Male,2/4/2020,86
900,awoolfalloz@edublogs.org,Arne,Woolfall,Male,8/30/2019,64
901,mchafferp0@microsoft.com,Mitchel,Chaffer,Male,9/25/2019,29
902,wmacgaughyp1@cocolog-nifty.com,Weber,MacGaughy,Male,12/6/2019,3
903,golfertp2@jimdo.com,Gretel,Olfert,Female,6/19/2019,74
904,cquiddingtonp3@google.fr,Clim,Quiddington,Male,6/13/2019,27
905,soglassanep4@cafepress.com,Sandy,O'Glassane,Female,5/6/2020,85
906,jfranssenip5@google.com.au,Julie,Fransseni,Female,9/25/2019,46
907,kodesonp6@devhub.com,Koressa,Odeson,Female,9/3/2019,50
908,tdeemingp7@comcast.net,Trenton,Deeming,Male,12/30/2019,96
909,jkeywoodp8@angelfire.com,Joellyn,Keywood,Female,7/28/2019,77
910,sfoardp9@e-recht24.de,Sly,Foard,Male,4/26/2020,16
911,odeavallpa@eventbrite.com,Orazio,Deavall,Male,1/24/2020,67
912,sloreypb@guardian.co.uk,Solomon,Lorey,Male,2/17/2020,4
913,zoakerpc@japanpost.jp,Zelma,Oaker,Female,4/28/2020,22
914,djamiesonpd@cafepress.com,Dionisio,Jamieson,Male,1/20/2020,9
915,asimpolepe@amazon.co.uk,Ainslee,Simpole,Female,7/16/2019,58
916,sshewerypf@nytimes.com,Suzy,Shewery,Female,8/20/2019,85
917,mlassellspg@theatlantic.com,Monro,Lassells,Male,1/15/2020,77
918,tlavenph@feedburner.com,Tadio,Laven,Male,9/16/2019,63
919,ngowthorpepi@umn.edu,Neron,Gowthorpe,Male,10/5/2019,84
920,ehonackpj@weebly.com,Evaleen,Honack,Female,1/3/2020,99
921,jpothecarypk@discuz.net,Jayson,Pothecary,Male,10/6/2019,12
922,cyesininpl@freewebs.com,Claudetta,Yesinin,Female,5/9/2020,54
923,blemaitrepm@constantcontact.com,Byran,Le Maitre,Male,9/16/2019,63
924,afitzgeraldpn@amazon.co.uk,Allsun,Fitzgerald,Female,9/6/2019,30
925,eblodgetpo@tinypic.com,Essie,Blodget,Female,3/1/2020,19
926,emeedendorpepp@google.com.hk,Ebba,Meedendorpe,Female,4/4/2020,33
927,rhoviepq@people.com.cn,Ramsey,Hovie,Male,10/4/2019,3
928,zgleadlepr@about.com,Zacharie,Gleadle,Male,9/3/2019,3
929,talldreps@oracle.com,Tessa,Alldre,Female,8/29/2019,5
930,abrazierpt@163.com,Auroora,Brazier,Female,8/14/2019,9
931,tdimmerpu@scientificamerican.com,Theresita,Dimmer,Female,12/10/2019,21
932,rwestbrookpv@unc.edu,Rodina,Westbrook,Female,6/12/2019,13
933,whoulsonpw@vimeo.com,Winny,Houlson,Male,1/26/2020,35
934,bstitchpx@plala.or.jp,Baldwin,Stitch,Male,2/24/2020,12
935,rskrinepy@foxnews.com,Roderich,Skrine,Male,5/10/2020,62
936,mfortpz@networkadvertising.org,Marcie,Fort,Female,11/13/2019,70
937,mbaldenq0@hibu.com,Marwin,Balden,Male,2/23/2020,70
938,cwrennq1@nsw.gov.au,Catharine,Wrenn,Female,8/30/2019,24
939,acrucesq2@aboutads.info,Andres,Cruces,Male,10/13/2019,31
940,gspauleq3@acquirethisname.com,Georgeta,Spaule,Female,10/5/2019,66
941,cnuzzettiq4@addtoany.com,Corenda,Nuzzetti,Female,8/8/2019,90
942,nethridgeq5@technorati.com,Nathanial,Ethridge,Male,6/21/2019,9
943,chawkinq6@hud.gov,Corie,Hawkin,Female,12/23/2019,45
944,bdurtnelq7@baidu.com,Brittani,Durtnel,Female,4/9/2020,60
945,kbowdidgeq8@printfriendly.com,Karim,Bowdidge,Male,8/30/2019,3
946,hlamberteschiq9@go.com,Honey,Lamberteschi,Female,8/31/2019,30
947,eoxenburyqa@techcrunch.com,Eunice,Oxenbury,Female,10/31/2019,97
948,msendleyqb@kickstarter.com,Martie,Sendley,Female,11/17/2019,41
949,hcantopherqc@drupal.org,Herminia,Cantopher,Female,10/23/2019,93
950,gbarthqd@vimeo.com,Guido,Barth,Male,7/6/2019,59
951,jnoteyoungqe@cnn.com,Juana,Noteyoung,Female,10/25/2019,98
952,mhattonqf@over-blog.com,Malchy,Hatton,Male,7/20/2019,31
953,twalewiczqg@clickbank.net,Theobald,Walewicz,Male,12/30/2019,90
954,vtrembeyqh@liveinternet.ru,Vanna,Trembey,Female,2/13/2020,39
955,imaccallumqi@ihg.com,Ignacio,MacCallum,Male,11/12/2019,75
956,sgammellqj@dyndns.org,Susana,Gammell,Female,12/26/2019,40
957,bsloraqk@clickbank.net,Bald,Slora,Male,7/14/2019,36
958,hlewtyql@nature.com,Hamil,Lewty,Male,5/31/2020,42
959,mbernardelliqm@cargocollective.com,Maurice,Bernardelli,Male,6/24/2019,100
960,asheeringqn@yellowbook.com,Adrianna,Sheering,Female,4/7/2020,100
961,twhitelawqo@unc.edu,Tabbatha,Whitelaw,Female,7/7/2019,8
962,sadkinsqp@state.tx.us,Sig,Adkins,Male,3/4/2020,53
963,gcogglesqq@homestead.com,Gayler,Coggles,Male,9/23/2019,40
964,fsecombeqr@npr.org,Frazer,Secombe,Male,12/11/2019,41
965,gstoresqs@vkontakte.ru,Gaston,Stores,Male,10/6/2019,63
966,bwhittenburyqt@drupal.org,Bartlet,Whittenbury,Male,1/19/2020,30
967,bamsbergerqu@bigcartel.com,Barde,Amsberger,Male,2/19/2020,14
968,tpinarqv@list-manage.com,Terrell,Pinar,Male,6/28/2019,39
969,dcropperqw@etsy.com,Diann,Cropper,Female,1/2/2020,17
970,jfyfeqx@state.tx.us,Jordain,Fyfe,Female,11/16/2019,57
971,nmapstoneqy@baidu.com,Noel,Mapstone,Female,4/10/2020,14
972,ryannikovqz@g.co,Ruperto,Yannikov,Male,5/12/2020,12
973,mcaesmansr0@canalblog.com,Moore,Caesmans,Male,3/9/2020,90
974,hpercyr1@whitehouse.gov,Hilliard,Percy,Male,11/11/2019,89
975,kgintyr2@over-blog.com,Kristopher,Ginty,Male,3/2/2020,67
976,fhamsleyr3@phoca.cz,Fidole,Hamsley,Male,9/11/2019,34
977,mtalboyr4@tiny.cc,Minda,Talboy,Female,2/20/2020,43
978,bgrunnellr5@twitpic.com,Boone,Grunnell,Male,7/22/2019,36
979,ecapaldor6@shutterfly.com,Ernie,Capaldo,Male,8/7/2019,23
980,kselcraigr7@cpanel.net,Kathlin,Selcraig,Female,5/23/2020,61
981,atruckettr8@businessinsider.com,Adair,Truckett,Male,2/8/2020,24
982,dlockartr9@alibaba.com,Drucill,Lockart,Female,5/24/2020,58
983,gdesesquellera@meetup.com,Giovanni,Desesquelle,Male,2/17/2020,63
984,jstaplefordrb@wikispaces.com,Jeni,Stapleford,Female,4/30/2020,30
985,pmorduerc@merriam-webster.com,Price,Mordue,Male,12/11/2019,24
986,acretneyrd@google.ca,Alena,Cretney,Female,7/8/2019,64
987,fwinspearre@columbia.edu,Fielding,Winspear,Male,8/10/2019,95
988,gjeanequinrf@skyrock.com,Gwendolyn,Jeanequin,Female,8/28/2019,93
989,cmactrusteyrg@techcrunch.com,Candra,MacTrustey,Female,8/3/2019,97
990,rmacmarcuisrh@upenn.edu,Rowland,MacMarcuis,Male,8/28/2019,14
991,kbrunsdenri@last.fm,Kakalina,Brunsden,Female,2/10/2020,77
992,cboddisrj@goo.ne.jp,Casar,Boddis,Male,9/28/2019,84
993,lwaltersrk@boston.com,Leonerd,Walters,Male,10/16/2019,18
994,jdudderidgerl@usatoday.com,Jonathon,Dudderidge,Male,3/22/2020,97
995,bpauluschrm@tuttocitta.it,Brandise,Paulusch,Female,4/16/2020,83
996,nchopyrn@yellowpages.com,Niles,Chopy,Male,6/20/2019,19
997,vibertro@ameblo.jp,Vachel,Ibert,Male,11/3/2019,29
998,cflecknessrp@ehow.com,Cello,Fleckness,Male,1/21/2020,50
999,docorranerq@icio.us,Dru,O'Corrane,Male,5/9/2020,48
1000,olappinrr@earthlink.net,Ophelia,Lappin,Female,7/8/2019,13
